run_id,status,mode,rounds,seed,attack,malicious_clients,non_iid,offline_aggregators,train_limit,test_limit,local_epochs,backend,attempted_round_count,completed_rounds,accuracy,elapsed_seconds,completed_round_seconds,wire_bytes,completed_round_attack_accepted,completed_round_attack_submitted,completed_round_honest_rejected,completed_round_honest_total,incomplete_validation_round,incomplete_round_validations,error
ba8500fb69884a72911cc0f28636fa69,completed,plain,3,42,none,1,False,0,1200,400,2,numpy,3,3,0.5675,9.206107400008477,1.277926899958402,168912,0,0,0,18,,[],
4fdf0248ace9403b87de641fa04182e1,completed,optimized,3,42,none,1,False,0,1200,400,2,numpy,3,3,0.5675,624.1865088000195,622.8764481999679,914204731,0,0,0,18,,[],
ff12d6245b894aed94466c458ee88108,completed,dgflow,1,42,none,1,False,0,1200,400,2,numpy,1,1,0.4625,648.1689672999782,644.6662242000457,436374857,0,0,0,6,,[],
404650d700084a15b2c2eae9adc68930,completed,plain,1,43,none,1,False,0,1200,400,2,numpy,1,1,0.5275,1.7470338999992236,0.25706370000261813,70592,0,0,0,6,,[],
1b7e056dcf4840e1a0b21e144ae25cce,completed,optimized,1,43,none,1,False,0,1200,400,2,numpy,1,1,0.5275,69.10256719996687,68.53781230002642,304749517,0,0,0,6,,[],
662b483bd01e4f5e87cc221a346588ae,completed,dgflow,1,43,none,1,False,0,1200,400,2,numpy,1,1,0.5275,208.90774419996887,207.41688999999315,436375153,0,0,0,6,,[],
4ae17432fa014f22878e3d8077adf1eb,completed,plain,1,44,none,1,False,0,1200,400,2,numpy,1,1,0.3975,1.7681104000657797,0.26281380001455545,70366,0,0,0,6,,[],
c853be5e27c640d78fdc1c3a041f2f5a,completed,optimized,1,44,none,1,False,0,1200,400,2,numpy,1,1,0.3975,68.13109819998499,67.54977419995703,304748879,0,0,0,6,,[],
cc48fd2a242d44efa4542104e0e7b9ac,completed,dgflow,1,44,none,1,False,0,1200,400,2,numpy,1,1,0.3975,206.13704409997445,204.68813640007284,436374517,0,0,0,6,,[],
35b204ee43534de6951c7050a9e1648a,completed,encrypted,1,42,sign_flip,1,False,0,1200,400,2,numpy,1,1,0.225,206.08613499999046,204.6182148999069,436374971,1,1,0,5,,[],
36613715821b490482e396c76c406674,completed,optimized,1,42,sign_flip,1,False,0,1200,400,2,numpy,1,1,0.2675,68.38140099996235,67.8210001999978,303963591,0,1,1,5,,[],
f0af64bd9b6d44bcbde71d1db89cf112,completed,encrypted,1,43,sign_flip,1,False,0,1200,400,2,numpy,1,1,0.4225,8366.570989500033,8365.12892659998,436375233,1,1,0,5,,[],
63dd108f24224e25bc10e8f60db3ef3e,completed,optimized,1,43,sign_flip,1,False,0,1200,400,2,numpy,1,1,0.56,68.85039629996754,68.2836435000645,303963839,0,1,1,5,,[],
801d73cc1ae84f088504c6bef1e39e7c,completed,encrypted,1,44,sign_flip,1,False,0,1200,400,2,numpy,1,1,0.335,257.32882239995524,255.83614509995095,436374543,1,1,0,5,,[],
16e4ad1c62f346458e084e700de3fd36,completed,optimized,1,44,sign_flip,1,False,0,1200,400,2,numpy,1,1,0.345,213.62626150005963,212.48500510002486,303963155,0,1,1,5,,[],
b64ba4afdb8746eda281e4c0604bf52b,completed,optimized,1,42,tamper_proof,1,False,0,1200,400,2,numpy,1,1,0.2675,194.34808629995678,193.17374280001968,303961567,0,1,1,5,,[],
ddec72460cf44e86989ed8ff51f8bb3d,completed,optimized,1,42,none,1,True,0,1200,400,2,numpy,1,1,0.4325,212.3861409999663,211.14964540000074,304749331,0,0,0,6,,[],
7889bab3ff0b41c18d6d8f8e728bc331,completed,optimized,1,42,label_flip,1,False,0,1200,400,2,numpy,1,1,0.225,216.1739016000647,214.91038440004922,304749277,1,1,0,5,,[],
